tamMatriz,tempoSequencial,tempo2Thread,speedup2Thread,eficiencia2Thread,tempo4Thread,speedup4Thread,eficiencia4Thread,tempo8Thread,speedup8Thread,eficiencia8Thread
128,0.000221557,0.000497575,0.445274,0.222637,0.00060993,0.36325,0.0908125,0.00122699,0.18057,0.0225713
256,0.0016846,0.00270151,0.623577,0.311789,0.0051887,0.324667,0.0811667,0.0159141,0.105856,0.013232
512,0.0151918,0.0144962,1.04798,0.523992,0.0194353,0.78166,0.195415,0.0234438,0.648007,0.0810009
1024,0.111798,0.0874302,1.27871,0.639355,0.0548036,2.03997,0.509993,0.0680673,1.64246,0.205308
2048,1.21147,1.10572,1.09564,0.547818,0.640157,1.89246,0.473114,0.488967,2.47761,0.309701
4096,11.6281,9.91769,1.17246,0.586232,4.86959,2.38791,0.596977,3.83093,3.03533,0.379416
