tamMatriz,tempoSequencial,tempo2Thread,speedup2Thread,eficiencia2Thread,tempo4Thread,speedup4Thread,eficiencia4Thread,tempo8Thread,speedup8Thread,eficiencia8Thread
128,0.000212232,0.000643875,0.329617,0.164808,0.000588165,0.360838,0.0902094,0.0201719,0.0105212,0.00131515
256,0.00170441,0.00135059,1.26198,0.630989,0.00171606,0.993211,0.248303,0.0174246,0.0978164,0.012227
512,0.013723,0.0140952,0.973596,0.486798,0.00845938,1.62222,0.405555,0.0227181,0.604055,0.0755069
1024,0.118134,0.0839155,1.40778,0.703889,0.0512035,2.30715,0.576788,0.0386145,3.05932,0.382416
2048,1.7714,1.25189,1.41498,0.707492,0.726579,2.438,0.609501,0.521861,3.39439,0.424299
4096,9.6318,7.31307,1.31707,0.658533,6.46647,1.4895,0.372375,3.7066,2.59856,0.324819
