tamMatriz,tempoSequencial,tempo2Thread,speedup2Thread,eficiencia2Thread,tempo4Thread,speedup4Thread,eficiencia4Thread,tempo8Thread,speedup8Thread,eficiencia8Thread
128,0.000187187,0.000417626,0.448217,0.224108,0.000503072,0.372088,0.093022,0.0154221,0.0121376,0.0015172
256,0.00194364,0.00270897,0.717484,0.358742,0.00267566,0.726415,0.181604,0.0214578,0.0905799,0.0113225
512,0.0168844,0.0154894,1.09006,0.545032,0.0163384,1.03342,0.258354,0.0243944,0.692145,0.0865181
1024,0.118854,0.110836,1.07233,0.536167,0.0701838,1.69346,0.423366,0.0624791,1.9023,0.237787
2048,2.08296,1.74485,1.19378,0.596888,1.07823,1.93183,0.482959,0.825819,2.5223,0.315287
4096,13.2197,10.4107,1.26982,0.634908,5.85537,2.25771,0.564426,4.55315,2.90342,0.362927
