tamMatriz,tempoSequencial,tempo2Thread,speedup2Thread,eficiencia2Thread,tempo4Thread,speedup4Thread,eficiencia4Thread,tempo8Thread,speedup8Thread,eficiencia8Thread
128,0.000594508,0.00844303,0.070414,0.035207,0.000588781,1.00973,0.252432,0.000630897,0.942322,0.11779
256,0.00491789,0.00273382,1.79891,0.899456,0.00585596,0.83981,0.209952,0.00428329,1.14816,0.14352
512,0.0316699,0.0173989,1.82022,0.910111,0.00887439,3.56869,0.892172,0.0100672,3.14584,0.39323
1024,0.262338,0.130284,2.01358,1.00679,0.0775262,3.38387,0.845966,0.0683604,3.83758,0.479697
2048,2.09589,1.09484,1.91433,0.957163,0.614036,3.41329,0.853323,0.484926,4.32207,0.540259
4096,22.9584,11.9984,1.91346,0.956731,7.09845,3.23428,0.808571,7.41288,3.0971,0.387137
