tamMatriz,tempoSequencial,tempo2Thread,speedup2Thread,eficiencia2Thread,delta2Thread,tempo4Thread,speedup4Thread,eficiencia4Thread,delta4Thread,tempo8Thread,speedup8Thread,eficiencia8Thread,delta8Thread,tempoMPI,speedupMPI,eficienciaMPI,deltaMPI
128,0.000445,0.022626,0.019688,0.009844,0.000000e+00,2.383878e-02,1.868582e-02,4.671454e-03,0.000000e+00,3.969958e-02,1.122045e-02,1.402556e-03,0.000000e+00,0.003608,0.123446,0.015431,0.000000e+00
256,0.001721,0.004157,0.414092,0.207046,0.000000e+00,8.111902e-03,2.122036e-01,5.305091e-02,0.000000e+00,3.006246e-02,5.725995e-02,7.157494e-03,0.000000e+00,0.009221,0.186672,0.023334,0.000000e+00
512,0.018190,0.041787,0.435303,0.217652,0.000000e+00,1.611472e-02,1.128774e+00,2.821935e-01,0.000000e+00,2.406902e-02,7.557382e-01,9.446727e-02,0.000000e+00,0.017272,1.053114,0.131639,0.000000e+00
1024,0.205826,0.275405,0.747359,0.373680,0.000000e+00,1.609250e-01,1.279019e+00,3.197548e-01,0.000000e+00,1.187791e-01,1.732849e+00,2.166061e-01,0.000000e+00,0.060539,3.399887,0.424986,0.000000e+00
2048,1.818804,1.402456,1.296871,0.648435,0.000000e+00,8.498773e-01,2.140078e+00,5.350195e-01,0.000000e+00,5.744545e-01,3.166140e+00,3.957675e-01,0.000000e+00,0.908011,2.003064,0.250383,0.000000e+00
4096,14.340624,11.410904,1.256747,0.628374,0.000000e+00,8.589738e+00,1.669507e+00,4.173766e-01,0.000000e+00,5.788826e+00,2.477294e+00,3.096617e-01,0.000000e+00,8.412981,1.704583,0.213073,0.000000e+00
