tamMatriz,tempoSequencial,tempo2Thread,speedup2Thread,eficiencia2Thread,delta2Thread,tempo4Thread,speedup4Thread,eficiencia4Thread,delta4Thread,tempo8Thread,speedup8Thread,eficiencia8Thread,delta8Thread,tempoMPI,speedupMPI,eficienciaMPI,deltaMPI
128,0.000269,0.014974,0.017950,0.008975,0.000000e+00,1.988941e-02,1.351322e-02,3.378306e-03,0.000000e+00,1.568134e-02,1.713948e-02,2.142435e-03,0.000000e+00,0.008098,0.033190,0.004149,0.000000e+00
256,0.002125,0.007578,0.280457,0.140228,0.000000e+00,3.854129e-02,5.514413e-02,1.378603e-02,0.000000e+00,1.689401e-02,1.258035e-01,1.572544e-02,0.000000e+00,0.010598,0.200532,0.025066,0.000000e+00
512,0.020128,0.058623,0.343346,0.171673,0.000000e+00,3.194239e-02,6.301298e-01,1.575325e-01,0.000000e+00,4.816157e-02,4.179235e-01,5.224043e-02,0.000000e+00,0.016249,1.238678,0.154835,0.000000e+00
1024,0.147652,0.159696,0.924580,0.462290,0.000000e+00,1.245494e-01,1.185490e+00,2.963726e-01,0.000000e+00,1.130939e-01,1.305570e+00,1.631963e-01,0.000000e+00,0.045969,3.211997,0.401500,0.000000e+00
2048,1.869098,1.658526,1.126963,0.563481,0.000000e+00,7.659406e-01,2.440264e+00,6.100661e-01,0.000000e+00,5.120788e-01,3.650020e+00,4.562524e-01,0.000000e+00,0.386774,4.832537,0.604067,0.000000e+00
4096,13.440605,10.549147,1.274094,0.637047,0.000000e+00,6.867698e+00,1.957076e+00,4.892689e-01,0.000000e+00,4.500313e+00,2.986593e+00,3.733242e-01,0.000000e+00,7.240350,1.856347,0.232043,0.000000e+00
